City_ID,City,Country,Lat,Lng,Max Temp,Humidity,Cloudiness,Wind Speed,Current Description
0,Vardo,NO,70.3705,31.1107,53.35,81,0,2.3,clear sky
1,Pandan,PH,14.0453,124.1694,82.96,76,100,14.52,overcast clouds
2,Manyana,BW,-23.4,21.7167,60.82,20,0,6.17,clear sky
3,Balabac,PH,7.9868,117.0645,83.88,78,100,16.89,overcast clouds
4,Hokitika,NZ,-42.7167,170.9667,46.67,89,100,9.46,light rain
5,San Cristobal,VE,7.7669,-72.225,80.78,70,100,7.74,overcast clouds
6,Vaini,TO,-21.2,-175.2,68.16,77,20,10.36,few clouds
7,Barrow,US,71.2906,-156.7887,44.62,81,90,10.36,overcast clouds
8,Ushuaia,AR,-54.8,-68.3,46.06,53,40,4.61,light rain
9,Nanortalik,GL,60.1432,-45.2371,46.92,85,91,2.68,overcast clouds
10,Alamosa,US,37.4695,-105.87,71.65,72,75,3.44,broken clouds
11,Fairbanks,US,64.8378,-147.7164,74.23,73,1,3.44,clear sky
12,Myaundzha,RU,63.0494,147.1858,34.99,82,36,3.38,scattered clouds
13,Chuy,UY,-33.6971,-53.4616,58.68,74,31,6.73,scattered clouds
14,Saskylakh,RU,71.9167,114.0833,62.11,74,43,6.78,scattered clouds
15,Bermeo,ES,43.4209,-2.7215,76.86,67,28,6.33,scattered clouds
16,Ulma,DE,48.3984,9.9916,69.69,71,23,3.0,few clouds
17,Arraial Do Cabo,BR,-22.9661,-42.0278,80.56,68,20,17.27,few clouds
18,Wanaka,NZ,-44.7,169.15,39.15,94,100,5.35,overcast clouds
19,Geraldton,AU,-28.7667,114.6,46.81,87,5,9.22,clear sky
20,La Tijera,MX,19.9,-104.4,74.25,56,49,1.36,scattered clouds
21,Henties Bay,NA,-22.116,14.2845,71.85,64,0,3.0,clear sky
22,Hithadhoo,MV,-0.6,73.0833,80.78,75,95,5.39,overcast clouds
23,Asau,RO,46.4333,26.4,81.52,77,41,4.7,scattered clouds
24,Khatanga,RU,71.9667,102.5,62.96,65,98,10.16,overcast clouds
25,Lompoc,US,34.6391,-120.4579,74.84,75,1,3.44,clear sky
26,El Alto,PE,-4.2714,-81.2147,71.26,62,1,14.99,clear sky
27,Chiredzi,ZW,-21.05,31.6667,68.95,24,0,6.13,clear sky
28,Tarakan,ID,3.3,117.6333,78.3,94,75,17.27,thunderstorm with rain
29,Guerrero Negro,MX,27.9769,-114.0611,80.64,53,0,6.55,clear sky
30,Busselton,AU,-33.65,115.3333,46.09,74,91,5.44,overcast clouds
31,Hohhot,CN,40.8106,111.6522,70.09,56,0,4.47,clear sky
32,Kawalu,ID,-7.3817,108.2082,71.2,97,79,1.66,broken clouds
33,Punta Arenas,CL,-53.15,-70.9167,44.71,61,20,25.32,few clouds
34,Ambon,ID,-3.6954,128.1814,79.36,84,40,7.29,scattered clouds
35,Bokovskaya,RU,49.229,41.8306,86.49,32,64,3.18,broken clouds
36,Mujiayingzi,CN,42.1167,118.7833,63.86,91,100,2.19,overcast clouds
37,Adrar,MR,20.5022,-10.0711,100.81,23,15,10.47,few clouds
38,Kizukuri,JP,40.8061,140.3861,77.11,89,47,1.36,scattered clouds
39,Nandikotkur,IN,15.8667,78.2667,84.74,52,92,18.1,overcast clouds
40,Cape Town,ZA,-33.9258,18.4232,63.01,76,0,1.01,clear sky
41,Santa Maria,BR,-29.6842,-53.8069,49.3,93,90,4.61,overcast clouds
42,Mufulira,ZM,-12.5498,28.2407,66.13,34,53,2.17,broken clouds
43,Bluff,NZ,-46.6,168.3333,44.8,67,100,12.57,overcast clouds
44,Hobart,AU,-42.8794,147.3294,48.25,81,100,4.0,overcast clouds
45,Mar Del Plata,AR,-38.0023,-57.5575,58.08,46,0,15.99,clear sky
46,Atuona,PF,-9.8,-139.0333,77.27,77,41,17.74,light rain
47,Gaoual,GN,11.75,-13.2,80.11,89,75,7.52,moderate rain
48,Hilo,US,19.7297,-155.09,71.8,87,90,6.91,light rain
49,Hamilton,US,39.1834,-84.5333,78.42,60,20,1.01,few clouds
50,Usagara,TZ,-2.6833,33.0,75.42,42,31,1.45,scattered clouds
51,Fortuna,US,40.5982,-124.1573,54.52,100,90,0.0,overcast clouds
52,Mataura,NZ,-46.1927,168.8643,44.47,96,100,3.47,overcast clouds
53,Platanos,GR,37.6667,21.6167,102.7,36,0,7.61,clear sky
54,Port Alfred,ZA,-33.5906,26.891,57.83,78,75,15.68,broken clouds
55,Ashland,US,40.8167,-82.2665,75.74,64,14,7.9,few clouds
56,Chandbali,IN,20.7833,86.7667,85.8,73,100,9.17,overcast clouds
57,Albany,US,42.6001,-73.9662,75.02,66,26,1.99,scattered clouds
58,Porto Santo,PT,33.072,-16.3415,80.31,73,40,16.11,scattered clouds
59,Mount Gambier,AU,-37.8333,140.7667,44.51,100,75,8.05,light intensity shower rain
60,Avarua,CK,-21.2078,-159.775,78.85,89,75,18.41,haze
61,Melbourne,US,28.0836,-80.6081,95.02,69,75,9.22,broken clouds
62,Sur,OM,22.5667,59.5289,90.75,55,8,10.27,clear sky
63,Bredasdorp,ZA,-34.5322,20.0403,58.32,88,38,10.36,scattered clouds
64,Purranque,CL,-40.9167,-73.1667,49.66,65,47,0.29,scattered clouds
65,Saint-Augustin,CA,51.226,-58.6502,65.39,71,80,14.29,broken clouds
66,Bacolod,PH,10.6667,122.95,79.03,88,92,12.82,overcast clouds
67,Portovelo,EC,-3.7167,-79.6167,77.41,38,25,10.49,scattered clouds
68,Carnarvon,AU,-24.8667,113.6333,50.07,42,0,11.5,clear sky
69,Rikitea,PF,-23.1203,-134.9692,68.61,56,71,23.13,broken clouds
70,Mandera,KE,3.9366,41.867,82.45,49,96,19.37,overcast clouds
71,Mana,GF,5.6592,-53.7767,86.36,58,28,8.34,scattered clouds
72,Tupancireta,BR,-29.0806,-53.8358,60.04,48,0,5.03,clear sky
73,Airai,TL,-8.9266,125.4092,56.59,79,63,2.82,broken clouds
74,Vila,PT,42.0304,-8.1588,70.74,40,56,6.11,broken clouds
75,Provideniya,RU,64.3833,-173.3,44.42,97,100,11.52,moderate rain
76,Atambua,ID,-9.1061,124.8925,70.41,88,64,5.32,broken clouds
77,Beaucaire,FR,43.8081,4.6442,85.19,36,0,11.5,clear sky
78,Victoria,HK,22.2855,114.1577,86.38,85,100,5.99,overcast clouds
79,Tuatapere,NZ,-46.1333,167.6833,44.82,83,100,5.61,overcast clouds
80,La Ronge,CA,55.1001,-105.2842,80.82,44,40,4.61,smoke
81,Vostok,RU,46.4856,135.8833,65.01,92,49,2.53,scattered clouds
82,Marsh Harbour,BS,26.5412,-77.0636,84.94,72,100,11.07,moderate rain
83,Kargil,IN,34.5667,76.1,62.29,45,43,7.81,scattered clouds
84,New Norfolk,AU,-42.7826,147.0587,47.91,81,99,1.25,overcast clouds
85,Kahului,US,20.8947,-156.47,77.85,84,40,16.11,scattered clouds
86,Tateyama,JP,34.9833,139.8667,80.98,88,95,10.85,overcast clouds
87,Grand Gaube,MU,-20.0064,57.6608,67.37,65,0,3.0,clear sky
88,Alihe,CN,50.5667,123.7167,57.51,96,99,0.49,overcast clouds
89,Bengkulu,ID,-3.8004,102.2655,75.33,90,50,3.04,scattered clouds
90,Nara,JP,34.6851,135.8049,82.26,94,90,4.36,overcast clouds
91,Torbay,CA,47.6666,-52.7314,76.28,50,40,11.5,scattered clouds
92,Buta,CD,2.7858,24.73,77.47,68,100,2.21,overcast clouds
93,Jamestown,US,42.097,-79.2353,72.3,56,40,5.01,scattered clouds
94,East London,ZA,-33.0153,27.9116,58.14,82,20,5.75,few clouds
95,Velyka Lepetykha,UA,47.1757,33.9436,86.23,47,1,11.81,clear sky
96,Georgetown,MY,5.4112,100.3354,83.89,81,20,2.3,few clouds
97,Puerto Ayora,EC,-0.7393,-90.3518,76.96,80,86,11.92,overcast clouds
98,Teguldet,RU,57.3064,88.1667,55.24,82,45,1.92,scattered clouds
99,Pervomayskoye,RU,43.919,46.7102,79.03,42,29,8.21,scattered clouds
100,Aguimes,ES,27.9054,-15.4461,77.67,57,20,32.21,few clouds
101,Port Hedland,AU,-20.3167,118.5667,60.85,23,1,10.36,clear sky
102,San Quintin,MX,30.4833,-115.95,78.1,59,10,11.01,clear sky
103,High Rock,BS,26.6208,-78.2833,84.22,68,100,7.92,moderate rain
104,Shashi,CN,30.3072,112.2447,79.99,93,2,7.49,light rain
105,Leningradskiy,RU,69.3833,178.4167,32.65,98,100,11.14,light snow
106,Palmer,US,42.1584,-72.3287,76.75,58,40,3.0,scattered clouds
107,Mahajanga,MG,-15.7167,46.3167,75.22,73,20,5.75,few clouds
108,Vao,NC,-22.6667,167.4833,66.06,67,9,8.25,clear sky
109,San Patricio,US,28.017,-97.5169,92.88,41,67,5.3,broken clouds
110,Ribeira Grande,PT,38.5167,-28.7,79.2,73,40,10.36,scattered clouds
111,Severo-Kurilsk,RU,50.6789,156.125,50.67,86,89,19.84,overcast clouds
112,Kiliya,UA,45.4552,29.2637,97.36,52,0,16.42,clear sky
113,Richards Bay,ZA,-28.783,32.0377,62.83,87,3,5.95,light rain
114,San Blas,MX,21.5167,-105.2667,87.69,63,63,4.32,broken clouds
115,Hermanus,ZA,-34.4187,19.2345,57.79,87,0,9.19,clear sky
116,Saint Anthony,US,45.0205,-93.218,82.11,44,1,1.01,clear sky
117,Port Macquarie,AU,-31.4333,152.9167,60.76,94,100,14.05,light rain
118,Yima,CN,34.7381,111.8839,72.59,81,9,5.97,clear sky
119,Butaritari,KI,3.0707,172.7902,82.58,73,73,8.5,light rain
120,Mogoytuy,RU,51.2833,114.9167,62.65,81,95,5.55,overcast clouds
121,Upernavik,GL,72.7868,-56.1549,46.11,66,1,5.55,clear sky
122,Cap-Aux-Meules,CA,47.3821,-61.8597,69.85,68,75,10.36,light rain
123,Dali,CN,25.7,100.1833,64.17,84,20,2.08,few clouds
124,Kodiak,US,57.79,-152.4072,53.11,94,90,6.91,fog
125,Oussouye,SN,12.485,-16.5469,82.49,92,100,10.83,moderate rain
126,Caledon,ZA,-34.23,19.4265,55.06,93,2,6.42,clear sky
127,Flinders,AU,-34.5833,150.8552,60.39,80,91,1.99,overcast clouds
128,Hasaki,JP,35.7333,140.8333,79.09,92,99,10.6,overcast clouds
129,Mahebourg,MU,-20.4081,57.7,67.24,82,20,6.91,few clouds
130,Tautira,PF,-17.7333,-149.15,73.0,72,85,15.23,overcast clouds
131,Shihezi,CN,44.3,86.0333,79.81,15,82,6.58,broken clouds
132,Pacific Grove,US,36.6177,-121.9166,74.8,84,90,5.01,overcast clouds
133,Kibala,TD,9.1104,18.3463,85.95,62,40,4.61,scattered clouds
134,Zamora,EC,-4.0692,-78.9567,74.44,96,98,5.03,light rain
135,Iranshahr,IR,27.2025,60.6848,106.14,16,0,6.91,clear sky
136,Bathsheba,BB,13.2167,-59.5167,86.61,70,20,11.5,few clouds
137,Karratha,AU,-20.7377,116.8463,64.49,21,0,16.13,clear sky
138,Mulege,MX,26.8833,-111.9833,93.45,47,100,6.22,overcast clouds
139,Nouadhibou,MR,20.931,-17.0347,78.78,61,0,16.11,clear sky
140,Cherskiy,RU,68.75,161.3,33.44,93,66,11.95,broken clouds
141,Baykit,RU,61.67,96.37,59.22,79,94,4.03,overcast clouds
142,Tuktoyaktuk,CA,69.4541,-133.0374,53.6,87,90,8.05,overcast clouds
143,Ponta Do Sol,PT,32.6667,-17.1,81.01,73,21,4.09,few clouds
144,Sirpur,IN,19.4833,79.6,80.47,75,92,3.67,overcast clouds
145,Nevers,FR,46.9167,3.3333,72.19,57,85,4.7,overcast clouds
146,Campbell River,CA,50.0163,-125.2446,66.92,68,20,9.22,few clouds
147,Maniitsoq,GL,65.4167,-52.9,48.2,86,100,8.12,overcast clouds
148,Kibungo,RW,-2.1597,30.5427,76.12,36,62,2.28,broken clouds
149,Broome,US,42.2506,-75.833,74.7,57,1,4.0,clear sky
150,Cap Malheureux,MU,-19.9842,57.6142,67.46,65,0,3.0,clear sky
151,Antofagasta,CL,-23.65,-70.4,66.22,61,77,5.32,broken clouds
152,Shingu,JP,33.7333,135.9833,79.92,83,96,7.11,overcast clouds
153,Tarutyne,UA,46.1858,29.1506,77.43,68,28,18.84,moderate rain
154,Dunedin,NZ,-45.8742,170.5036,45.81,84,100,21.99,light rain
155,Labuhan,ID,-6.8844,112.2051,76.93,84,30,8.5,scattered clouds
156,Dingle,PH,10.9995,122.6711,78.35,84,100,8.95,overcast clouds
157,Aswan,EG,24.0934,32.907,108.7,9,0,13.8,clear sky
158,Kyaikkami,MM,16.08,97.5675,78.21,88,100,8.63,light rain
159,Dunmore Town,BS,25.5,-76.65,83.44,74,100,11.14,light rain
160,Anadyr,RU,64.75,177.4833,39.7,100,75,15.01,moderate rain
161,Avera,US,33.194,-82.5271,89.91,43,84,3.33,broken clouds
162,Ilulissat,GL,69.2167,-51.1,60.82,39,75,11.5,broken clouds
163,Sagua La Grande,CU,22.8067,-80.0756,90.59,54,100,7.7,overcast clouds
164,Port-Gentil,GA,-0.7193,8.7815,78.76,73,90,9.22,overcast clouds
165,Iqaluit,CA,63.7506,-68.5145,46.13,100,90,4.61,overcast clouds
166,Tuy Hoa,VN,13.0833,109.3,85.98,61,100,15.77,overcast clouds
167,Ahipara,NZ,-35.1667,173.1667,54.12,71,9,24.34,clear sky
168,Jiuquan,CN,39.7432,98.5174,71.62,40,3,7.14,clear sky
169,Filadelfia,US,39.9523,-75.1638,79.18,59,40,5.01,scattered clouds
170,Viedma,AR,-40.8135,-62.9967,67.32,23,30,23.04,scattered clouds
171,Samana,DO,19.2056,-69.3369,84.42,84,40,4.61,scattered clouds
172,Souillac,MU,-20.5167,57.5167,67.35,82,20,6.91,few clouds
173,Kapaa,US,22.0752,-159.319,79.12,75,90,4.0,overcast clouds
174,Olafsvik,IS,64.8945,-23.7142,53.76,82,100,2.64,overcast clouds
175,Inverell,AU,-29.7833,151.1167,57.11,94,100,4.0,overcast clouds
176,Karasjok,NO,69.4719,25.5112,57.31,55,86,5.66,overcast clouds
177,Tarnow,PL,50.0138,20.987,69.71,70,60,5.99,broken clouds
178,Ucluelet,CA,48.9329,-125.5528,73.04,78,21,4.97,few clouds
179,Lebu,CL,-37.6167,-73.65,55.85,72,45,20.56,scattered clouds
180,Tasiilaq,GL,65.6145,-37.6368,42.71,81,100,2.46,light rain
181,Ibra,OM,22.6906,58.5334,92.3,39,50,12.73,scattered clouds
182,Muravlenko,RU,63.7898,74.523,62.62,59,100,8.5,overcast clouds
183,Beringovskiy,RU,63.05,179.3167,42.82,95,100,30.58,moderate rain
184,Naugachhia,IN,25.4,87.1,81.91,86,98,5.14,overcast clouds
185,Taoudenni,ML,22.6783,-3.9836,95.45,34,56,16.96,broken clouds
186,Emerald,AU,-23.5333,148.1667,62.98,64,1,6.91,clear sky
187,Kavieng,PG,-2.5744,150.7967,82.2,78,12,13.06,light rain
188,Polyanka,UA,50.2584,27.6881,65.86,69,29,9.51,scattered clouds
189,Strezhevoy,RU,60.7333,77.5889,57.18,91,100,2.24,overcast clouds
190,Merauke,ID,-8.4667,140.3333,73.69,82,94,11.45,overcast clouds
191,Beaver Dam,US,43.4578,-88.8373,76.46,56,40,3.44,scattered clouds
192,Sobradinho,BR,-12.8333,-39.1,65.64,92,100,6.69,overcast clouds
193,Prince Rupert,CA,54.3161,-130.3201,59.09,85,90,2.3,overcast clouds
194,Yellowknife,CA,62.456,-114.3525,75.72,57,40,10.36,scattered clouds
195,Port Elizabeth,ZA,-33.918,25.5701,59.29,77,90,12.66,overcast clouds
196,Gimli,CA,50.6336,-96.9907,82.44,68,7,3.44,clear sky
197,Madang,PG,-5.2246,145.7966,77.63,90,76,3.47,broken clouds
198,Netishyn,UA,50.34,26.6417,65.23,69,42,10.13,scattered clouds
199,Altay,CN,47.8667,88.1167,66.25,36,1,6.73,clear sky
200,Qaanaaq,GL,77.484,-69.3632,45.34,64,100,4.47,overcast clouds
201,Pisco,PE,-13.7,-76.2167,66.02,77,90,8.05,haze
202,Esperance,AU,-33.8667,121.9,49.84,77,93,9.24,light rain
203,Solenzo,BF,12.1833,-4.0833,84.06,64,93,5.08,overcast clouds
204,Tiksi,RU,71.6872,128.8694,47.26,68,27,2.19,scattered clouds
205,Bondo,CD,3.8146,23.6866,75.99,69,94,0.74,overcast clouds
206,Samarai,PG,-10.6167,150.6667,77.85,80,53,8.75,broken clouds
207,Chokurdakh,RU,70.6333,147.9167,35.22,81,10,7.67,clear sky
208,Te Anau,NZ,-45.4167,167.7167,38.86,91,100,2.64,overcast clouds
209,Pangkalanbuun,ID,-2.6833,111.6167,74.66,95,99,2.64,overcast clouds
210,Mangan,IN,27.5167,88.5333,77.86,93,94,1.7,overcast clouds
211,Vila Franca Do Campo,PT,37.7167,-25.4333,75.61,58,0,9.13,clear sky
212,Klaksvik,FO,62.2266,-6.589,50.92,83,100,11.36,overcast clouds
213,Camargo,MX,27.6667,-105.1667,83.35,39,31,4.7,scattered clouds
214,Kodinsk,RU,58.6881,99.1844,59.2,79,97,0.72,overcast clouds
215,Novopokrovka,UA,49.8425,36.5477,86.38,36,11,10.45,light rain
216,Formosa,AR,-26.1775,-58.1781,71.58,43,0,4.61,clear sky
217,Grindavik,IS,63.8424,-22.4338,55.35,82,75,9.22,broken clouds
218,Dikson,RU,73.5069,80.5464,46.47,80,100,12.03,overcast clouds
219,Pevek,RU,69.7008,170.3133,32.47,91,95,20.67,overcast clouds
220,Shalakusha,RU,62.2247,40.2539,65.8,68,88,3.51,overcast clouds
221,Cururupu,BR,-1.8283,-44.8683,88.95,43,79,3.85,broken clouds
222,Luis Correia,BR,-2.8792,-41.6669,89.6,48,20,8.05,few clouds
223,Hit,IQ,33.6416,42.8251,102.96,10,7,13.18,clear sky
224,San Francisco,US,37.7749,-122.4194,72.1,76,75,3.0,broken clouds
225,Coquimbo,CL,-29.9533,-71.3436,55.13,82,90,4.61,overcast clouds
226,Luderitz,NA,-26.6481,15.1594,68.9,37,0,5.35,clear sky
227,Bogdana,RO,43.9333,25.0833,96.03,17,6,12.3,clear sky
228,Yulara,AU,-25.2406,130.9889,40.84,45,0,8.05,clear sky
229,Presidente Medici,BR,-11.1753,-61.9014,94.19,17,27,8.12,scattered clouds
230,Medicina,IT,44.4787,11.6381,89.31,39,78,3.78,light rain
231,Twin Falls,US,42.3505,-114.6445,70.93,68,1,9.22,clear sky
232,Lavrentiya,RU,65.5833,-171.0,42.87,98,100,10.51,moderate rain
233,Smithers,CA,54.7804,-127.1743,68.32,64,20,4.61,few clouds
234,Ixtapa,MX,20.7,-105.2,88.23,73,24,3.76,few clouds
235,Alofi,NU,-19.0595,-169.9187,73.29,73,75,10.36,broken clouds
236,Mount Isa,AU,-20.7333,139.5,73.17,46,75,14.97,broken clouds
237,Sembe,CG,1.6481,14.5806,72.97,96,85,2.84,moderate rain
238,Krasnoselkup,RU,65.7,82.4667,63.91,70,59,8.95,broken clouds
239,Clyde River,CA,70.4692,-68.5914,46.63,71,40,13.8,scattered clouds
240,Easley,US,34.8298,-82.6015,85.82,49,1,1.99,clear sky
241,Bambous Virieux,MU,-20.3428,57.7575,67.21,82,20,6.91,few clouds
242,Ancud,CL,-41.8697,-73.8203,51.33,89,96,6.4,overcast clouds
243,Longyearbyen,SJ,78.2186,15.6401,46.24,76,75,16.11,light rain
244,Pundaguitan,PH,6.3711,126.1689,83.16,77,99,8.48,overcast clouds
245,Nikolskoye,RU,59.7035,30.7861,62.49,98,100,8.57,light rain
246,Nome,US,64.5011,-165.4064,56.16,94,90,13.8,mist
247,Pocone,BR,-16.2567,-56.6228,91.13,19,0,6.42,clear sky
248,Poum,NC,-20.2333,164.0167,67.39,65,6,8.84,clear sky
249,Castro,BR,-24.7911,-50.0119,65.48,51,9,3.49,clear sky
250,Tricase,IT,39.9304,18.3553,92.55,45,0,12.66,clear sky
251,Sitka,US,57.0531,-135.33,62.49,77,75,3.44,broken clouds
252,Neuquen,AR,-38.9516,-68.0591,57.09,47,0,6.91,clear sky
253,Mao,ES,39.8885,4.2658,77.56,57,20,12.66,few clouds
254,Thompson,CA,55.7435,-97.8558,69.96,60,20,6.91,smoke
255,Bagdarin,RU,54.4333,113.6,51.69,93,72,2.51,broken clouds
256,Saint George,US,37.1041,-113.5841,90.36,37,0,1.01,clear sky
257,Mangrol,IN,21.1167,70.1167,81.91,81,100,20.27,overcast clouds
258,Saint-Philippe,RE,-21.3585,55.7679,66.22,75,47,5.5,scattered clouds
259,Filingue,NE,14.3521,3.3168,95.09,36,98,8.48,overcast clouds
260,Waingapu,ID,-9.6567,120.2641,75.42,86,76,8.32,broken clouds
261,Sandnessjoen,NO,66.0217,12.6316,55.92,82,75,5.75,broken clouds
262,Santa Cruz Cabralia,BR,-16.2781,-39.0247,73.63,68,40,8.05,scattered clouds
263,Mayo,US,38.8876,-76.5119,80.33,61,20,1.99,few clouds
264,Crateus,BR,-5.1783,-40.6775,93.15,22,32,6.96,scattered clouds
265,Myitkyina,MM,25.3833,97.4,74.95,98,9,0.49,clear sky
266,Obala,CM,4.1667,11.5333,74.12,85,76,5.97,light rain
267,Walvis Bay,NA,-22.9575,14.5053,85.15,23,0,5.75,clear sky
268,Rodrigues Alves,BR,-7.738,-72.6509,84.4,28,3,5.39,clear sky
269,Ternate,ID,0.8,127.4,81.55,76,46,7.43,scattered clouds
270,Cidreira,BR,-30.1811,-50.2056,60.66,68,19,9.46,few clouds
271,Kaitangata,NZ,-46.2817,169.8464,48.92,68,100,12.55,overcast clouds
272,Hermosillo,MX,29.0667,-110.9667,95.29,44,4,11.99,clear sky
273,Kabare,CD,-2.4683,28.8242,66.88,58,66,0.31,broken clouds
274,Saryozek,KZ,44.3583,77.9753,75.7,19,100,6.29,overcast clouds
275,Meulaboh,ID,4.1363,96.1285,77.36,81,88,4.59,overcast clouds
276,Svetlogorsk,BY,52.6333,29.7333,64.33,81,61,14.32,broken clouds
277,Rach Gia,VN,10.0167,105.0833,82.54,81,100,16.37,overcast clouds
278,Telma,RU,52.6983,103.7097,60.01,97,100,8.57,light rain
279,Alyangula,AU,-13.8483,136.4192,66.07,100,6,1.14,clear sky
280,Namatanai,PG,-3.6667,152.4333,78.22,84,16,7.05,few clouds
281,Sarapulka,RU,56.8678,61.0552,66.02,70,88,5.17,overcast clouds
282,Morondava,MG,-20.2833,44.2833,74.26,67,16,13.69,few clouds
283,Kruisfontein,ZA,-34.0033,24.7314,55.89,93,49,9.33,scattered clouds
284,Wilmington,US,34.2257,-77.9447,87.96,77,1,4.61,clear sky
285,Constitucion,CL,-35.3333,-72.4167,61.92,52,0,12.44,clear sky
286,Yumen,CN,40.2833,97.2,70.48,18,32,8.63,scattered clouds
287,Sungaipenuh,ID,-2.0833,101.3833,64.74,96,90,1.68,overcast clouds
288,Haines Junction,CA,60.7522,-137.5108,53.55,82,83,3.44,broken clouds
289,Akaltara,IN,22.0167,82.4333,78.93,79,33,9.13,scattered clouds
290,Lamballe,FR,48.4676,-2.5144,64.08,80,94,9.33,light rain
291,Evensk,RU,61.95,159.2333,40.01,74,49,10.29,scattered clouds
292,Hambantota,LK,6.1241,81.1185,79.48,80,100,19.08,overcast clouds
293,Lipari,IT,38.4674,14.954,86.14,72,2,9.55,clear sky
294,Salinopolis,BR,-0.6136,-47.3561,83.46,63,72,8.55,broken clouds
295,Havoysund,NO,70.9963,24.6622,54.48,81,34,25.86,scattered clouds
296,Novopokrovskaya,RU,45.9514,40.7006,85.57,37,57,8.61,broken clouds
297,Salalah,OM,17.0151,54.0924,76.24,94,100,3.94,overcast clouds
298,Arroio Grande,BR,-32.2375,-53.0869,60.89,65,7,5.86,clear sky
299,Hofn,IS,64.2539,-15.2082,53.62,87,90,10.36,mist
300,Taiyuan,CN,37.8694,112.5603,73.26,64,0,13.42,clear sky
301,Turukhansk,RU,65.8167,87.9833,66.22,61,100,9.48,overcast clouds
302,Rondonopolis,BR,-16.4708,-54.6356,94.6,15,7,1.43,clear sky
303,Saldanha,ZA,-33.0117,17.9442,58.33,80,0,9.55,clear sky
304,Faanui,PF,-16.4833,-151.75,79.59,66,91,12.66,overcast clouds
305,Lafia,NG,8.4833,8.5167,78.93,86,99,5.55,light rain
306,Cabo San Lucas,MX,22.8909,-109.9124,92.8,62,48,5.1,scattered clouds
307,Nieuwpoort,BE,51.1244,2.7735,70.54,55,40,8.05,scattered clouds
308,Pochutla,MX,15.7432,-96.4661,90.82,54,95,4.97,overcast clouds
309,Wyndham,US,37.6985,-77.6125,83.21,54,1,1.99,clear sky
310,Berdigestyakh,RU,62.0989,126.6992,59.5,74,100,1.01,overcast clouds
311,Lewiston,US,44.1003,-70.2148,75.85,69,75,12.66,broken clouds
312,Lagoa,PT,39.05,-27.9833,72.55,86,0,7.09,clear sky
313,Comodoro Rivadavia,AR,-45.8667,-67.5,62.46,42,0,17.27,clear sky
314,Kavaratti,IN,10.5669,72.642,82.38,76,100,13.71,overcast clouds
315,Pemberton,CA,50.3164,-122.8027,84.2,63,59,3.15,broken clouds
316,Bubaque,GW,11.2833,-15.8333,78.19,86,100,21.45,moderate rain
317,Xining,CN,36.6167,101.7667,58.71,88,100,4.94,overcast clouds
318,Acton,GB,51.509,-0.2762,66.27,67,75,5.01,broken clouds
319,Tecpan,GT,14.7623,-90.9947,67.44,53,53,4.5,broken clouds
320,Kailua,US,21.4022,-157.7394,76.98,71,90,16.11,light rain
321,Hervey Bay,AU,-25.2986,152.8535,62.71,90,2,9.71,clear sky
322,Kurumkan,RU,54.3,110.3,58.91,67,9,2.44,clear sky
323,Mackenzie,CA,55.2999,-123.1698,64.62,88,20,3.44,mist
324,Chicama,PE,-7.8447,-79.1469,66.74,57,19,9.66,few clouds
325,Abaetetuba,BR,-1.7181,-48.8825,89.64,37,49,2.44,scattered clouds
326,Homnabad,IN,17.7667,77.1333,75.04,75,99,17.0,overcast clouds
327,Orje,NO,59.4802,11.6602,68.22,41,43,6.04,scattered clouds
328,Broken Hill,AU,-31.95,141.4333,44.31,81,0,12.66,clear sky
329,Codrington,AU,-38.2667,141.9667,45.27,94,100,10.29,overcast clouds
330,Dauphin,CA,51.1494,-100.0502,77.14,50,1,13.8,clear sky
331,Rosetown,CA,51.5501,-108.0014,86.99,24,87,3.44,overcast clouds
332,Natal,BR,-5.795,-35.2094,83.05,83,75,19.57,broken clouds
333,Margate,GB,51.3813,1.3862,65.32,66,69,1.99,broken clouds
334,Ilovlya,RU,49.3033,43.9796,90.7,34,44,10.38,scattered clouds
335,Verkhniye Kigi,RU,55.4083,58.6044,67.32,71,99,4.0,overcast clouds
336,Itoman,JP,26.1247,127.6694,82.78,92,75,16.11,broken clouds
337,Bandarbeyla,SO,9.4942,50.8122,78.21,76,22,33.51,few clouds
338,Quang Ngai,VN,15.1167,108.8,79.07,82,100,6.82,overcast clouds
339,Talaya,RU,61.3833,152.75,35.73,93,86,4.72,overcast clouds
340,Mitsamiouli,KM,-11.3847,43.2844,76.96,71,13,7.4,few clouds
341,Tagusao,PH,9.1924,117.8141,82.2,80,98,14.92,overcast clouds
342,Harper,LR,4.375,-7.7169,80.04,68,59,8.28,broken clouds
343,Casablanca,MA,33.5928,-7.6192,79.02,69,75,21.85,broken clouds
344,Muros,ES,42.7762,-9.0603,76.68,52,37,14.74,scattered clouds
345,Awbari,LY,26.5921,12.7805,101.7,6,0,8.3,clear sky
346,Tilichiki,RU,60.4667,166.1,41.94,66,84,15.68,broken clouds
347,Ihosy,MG,-22.4,46.1167,67.01,37,74,4.18,broken clouds
348,Lorengau,PG,-2.0226,147.2712,81.1,81,18,9.1,few clouds
349,Puerto Narino,CO,-3.7703,-70.3831,85.95,36,68,3.85,broken clouds
350,Bhadreswar,IN,22.8244,88.3506,85.89,85,100,6.98,light rain
351,Praia,CV,14.9215,-23.5087,82.94,61,20,17.27,few clouds
352,Sobolevo,RU,54.4299,31.8996,67.6,72,87,13.04,moderate rain
353,Mandali,IQ,33.7499,45.5541,106.0,9,57,14.45,broken clouds
354,Banda Aceh,ID,5.5577,95.3222,80.19,78,95,12.15,overcast clouds
355,Bela Vista De Goias,BR,-16.9728,-48.9533,81.75,26,0,6.69,clear sky
356,Port Lincoln,AU,-34.7333,135.8667,51.08,67,92,20.24,overcast clouds
357,Chake Chake,TZ,-5.2459,39.7666,73.9,82,41,10.92,scattered clouds
358,Puerto Rico,AR,-26.796,-55.024,73.06,28,0,3.58,clear sky
359,Randolph,US,35.7001,-79.8164,84.38,53,1,6.91,clear sky
360,Bethel,US,41.3712,-73.414,77.77,65,1,8.05,clear sky
361,Yerbogachen,RU,61.2767,108.0108,63.21,63,100,4.05,overcast clouds
362,Mayumba,GA,-3.432,10.6554,75.47,81,31,7.67,scattered clouds
363,Vallenar,CL,-28.5708,-70.7581,76.14,25,0,3.94,clear sky
364,Kommunisticheskiy,RU,61.6789,64.4819,62.55,72,99,4.79,overcast clouds
365,Dolinsk,RU,47.35,142.8,60.66,85,93,5.12,overcast clouds
366,Eureka,US,40.8021,-124.1637,54.79,78,94,3.83,overcast clouds
367,Tiznit,MA,29.5833,-9.5,74.66,47,0,9.57,clear sky
368,Noumea,NC,-22.2763,166.4572,55.38,77,2,4.47,clear sky
369,Kalmunai,LK,7.4167,81.8167,82.35,65,100,3.98,overcast clouds
370,Karasburg,NA,-28.0167,18.75,66.67,16,0,11.77,clear sky
371,Praia Da Vitoria,PT,38.7333,-27.0667,75.45,83,75,8.57,broken clouds
372,Maniwaki,CA,46.3834,-75.966,66.58,52,5,5.75,clear sky
373,Nemuro,JP,43.3236,145.575,67.48,99,100,3.51,overcast clouds
374,Sladkovo,RU,55.5284,70.3385,66.72,62,98,6.82,overcast clouds
375,Bilibino,RU,68.0546,166.4372,34.45,83,100,11.43,overcast clouds
376,Port Hardy,CA,50.6996,-127.4199,59.18,88,90,2.3,light intensity drizzle
377,Thinadhoo,MV,0.5333,72.9333,82.56,69,98,2.93,overcast clouds
378,Tukan,RU,53.8409,57.4552,62.8,69,22,1.99,few clouds
379,Kapit,MY,2.0167,112.9333,73.11,96,63,0.98,broken clouds
380,Chapais,CA,49.7834,-74.8492,60.58,41,68,9.91,broken clouds
381,Mpika,ZM,-11.8343,31.4529,58.28,54,20,4.23,few clouds
382,Carpentras,FR,44.0833,5.1667,80.83,32,0,8.88,clear sky
383,Preobrazheniye,RU,42.9019,133.9064,68.18,92,98,5.39,overcast clouds
384,Atocha,BO,-20.9333,-66.2333,50.05,26,78,14.83,broken clouds
385,Corn Island,NI,12.1694,-83.0418,81.9,81,97,17.18,overcast clouds
386,Soe,ID,-9.8607,124.284,64.38,92,93,4.07,overcast clouds
387,Portland,US,45.5234,-122.6762,77.45,63,75,9.22,broken clouds
388,Laguna,US,38.421,-121.4238,87.6,59,1,8.05,clear sky
389,Najibabad,IN,29.6333,78.3333,82.44,79,30,4.23,scattered clouds
390,Abu Samrah,SY,35.3029,37.1841,91.71,19,0,14.29,clear sky
391,Kungurtug,RU,50.5994,97.5228,46.06,95,96,1.23,overcast clouds
392,Mackay,AU,-21.15,149.2,59.04,100,17,6.91,few clouds
393,Omsukchan,RU,62.5333,155.8,31.3,97,99,5.39,overcast clouds
394,Ponta Delgada,PT,37.7333,-25.6667,75.92,60,20,10.36,few clouds
395,Stavyshche,UA,50.4,29.5333,79.02,67,23,15.14,few clouds
396,Port Blair,IN,11.6667,92.75,81.99,83,100,18.75,overcast clouds
397,Uvinza,TZ,-5.1036,30.3911,73.69,45,29,5.1,scattered clouds
398,Rawson,AR,-43.3002,-65.1023,66.16,25,54,6.64,broken clouds
399,Mosetse,BW,-20.75,26.65,67.01,17,0,9.75,clear sky
400,Bazarnyye Mataki,RU,54.8833,49.9333,75.99,44,100,3.0,overcast clouds
401,Aknada,RU,42.4016,46.1723,57.13,81,78,2.93,broken clouds
402,Berlevag,NO,70.8578,29.0864,51.19,73,32,4.36,scattered clouds
403,Glossop,GB,53.4432,-1.949,66.72,63,98,5.12,overcast clouds
404,Sao Gabriel Da Cachoeira,BR,-0.1303,-67.0892,82.2,78,0,2.3,clear sky
405,Malanje,AO,-9.5402,16.341,77.32,18,1,3.44,clear sky
406,Tamiahua,MX,21.2667,-97.45,88.11,62,29,6.98,scattered clouds
407,Sturgeon Falls,CA,46.3646,-79.9326,71.89,43,3,4.97,clear sky
408,Moerai,PF,-22.4333,-151.3333,74.73,72,100,19.77,overcast clouds
409,Chumikan,RU,54.7183,135.315,51.8,98,100,14.47,light rain
410,Linqiong,CN,30.4159,103.4609,87.62,71,0,4.25,clear sky
411,Taltal,CL,-25.4,-70.4833,63.43,65,6,4.38,clear sky
412,Northam,GB,51.0333,-4.2167,67.01,82,100,11.65,overcast clouds
413,Kununurra,AU,-15.7667,128.7333,76.98,69,40,6.91,scattered clouds
414,Bulawayo,ZW,-20.15,28.5833,61.61,21,0,8.25,clear sky
415,Atar,MR,20.5169,-13.0499,101.28,24,57,13.35,broken clouds
416,Victor Harbor,AU,-35.5667,138.6167,51.89,78,33,19.3,scattered clouds
417,Jiangyou,CN,31.7667,104.7167,78.35,74,4,4.03,clear sky
418,Jalu,LY,29.0331,21.5482,102.16,8,4,9.69,clear sky
419,Nan,TH,18.8333,100.6667,73.09,99,100,3.27,light rain
420,Acapulco,MX,16.8634,-99.8901,86.41,67,77,4.09,broken clouds
421,Kattivakkam,IN,13.2167,80.3167,86.09,83,100,10.31,overcast clouds
422,Mahuva,IN,21.0914,71.7622,81.54,80,100,19.8,overcast clouds
423,Kalispell,US,48.1958,-114.3129,70.18,91,90,0.0,mist
424,Bardiyah,LY,31.7561,25.0865,85.8,58,0,16.75,clear sky
425,Doha,QA,25.2867,51.5333,100.71,62,0,6.91,clear sky
426,Karpathos,GR,35.507,27.2132,87.76,70,0,20.71,clear sky
427,Beloha,MG,-25.1667,45.05,66.2,71,1,9.42,clear sky
428,Roswell,US,34.0232,-84.3616,87.67,60,1,3.44,clear sky
429,Arroyo Grande,US,35.1186,-120.5907,74.82,65,1,1.01,clear sky
430,Egvekinot,RU,66.3167,-179.1667,32.07,83,100,19.77,snow
431,El Jicaro,GT,14.9167,-89.9,83.73,64,78,1.88,broken clouds
432,Saint-Joseph,RE,-21.3667,55.6167,65.21,76,28,3.4,scattered clouds
433,Roald,NO,62.5833,6.1333,61.72,62,20,14.97,few clouds
434,Nishihara,JP,26.1842,127.7558,82.06,94,75,12.66,broken clouds
435,Floro,NO,61.5996,5.0328,64.47,58,20,20.71,few clouds
436,Mae Sai,TH,20.4335,99.8762,74.52,98,99,2.06,overcast clouds
437,Zhigansk,RU,66.7697,123.3711,62.26,61,1,10.04,clear sky
438,Granadilla De Abona,ES,28.1188,-16.576,73.98,57,20,26.46,few clouds
439,Kenscoff,HT,18.4506,-72.2869,77.14,46,40,10.36,scattered clouds
440,Sao Filipe,CV,14.8961,-24.4956,76.89,78,60,6.2,broken clouds
441,Bjorkelangen,NO,59.8848,11.5694,68.25,38,49,6.71,scattered clouds
442,Tres Palos,MX,18.1833,-101.6167,86.16,63,27,3.09,scattered clouds
443,Quatre Cocos,MU,-20.2078,57.7625,67.08,66,0,5.88,clear sky
444,Narsaq,GL,60.9167,-46.05,50.04,80,100,1.77,overcast clouds
445,Najran,SA,17.4924,44.1277,92.05,32,100,8.46,overcast clouds
446,Morant Bay,JM,17.8815,-76.4093,92.62,68,17,13.29,few clouds
447,Qaqortoq,GL,60.7167,-46.0333,48.2,87,100,3.02,overcast clouds
448,Mina,MX,26.0011,-100.5299,89.22,40,100,5.97,overcast clouds
449,Cayenne,GF,4.9333,-52.3333,87.1,71,40,4.0,scattered clouds
450,Husavik,IS,66.0449,-17.3389,58.91,75,89,4.61,overcast clouds
451,Jesenice,SI,46.4306,14.0669,71.19,81,89,1.81,overcast clouds
452,Namibe,AO,-15.1961,12.1522,69.51,86,0,8.59,clear sky
453,Yining,CN,29.0361,114.5636,79.07,89,0,2.37,clear sky
454,Whyalla,AU,-33.0333,137.5833,44.49,93,10,9.22,clear sky
455,Chute-Aux-Outardes,CA,49.1168,-68.399,67.98,64,75,13.8,broken clouds
456,Gigmoto,PH,13.7796,124.39,81.12,83,91,11.12,overcast clouds
457,Sao Joao Da Barra,BR,-21.6403,-41.0511,75.29,65,8,10.85,clear sky
458,Dangriga,BZ,16.9692,-88.2321,87.76,83,17,6.46,few clouds
459,Lewistown,US,40.5992,-77.5714,77.25,56,40,10.36,scattered clouds
460,Calama,CL,-22.4667,-68.9333,72.09,12,40,21.85,scattered clouds
461,Sain Alto,MX,23.5833,-103.25,72.93,40,94,6.31,overcast clouds
462,Zhangjiakou,CN,40.81,114.8794,67.87,78,93,5.57,overcast clouds
463,Awjilah,LY,29.1081,21.2869,102.06,9,1,11.34,clear sky
464,Padang,ID,-0.9492,100.3543,77.05,86,85,3.96,overcast clouds
465,Fairview,US,40.8126,-73.999,79.23,58,40,7.0,scattered clouds
466,Kenai,US,60.5544,-151.2583,59.02,94,20,0.0,mist
467,Loukhi,RU,66.0764,33.0381,60.64,91,74,5.48,broken clouds
468,Berbera,SO,10.4396,45.0143,93.7,38,29,23.58,scattered clouds
469,Palmerston,AU,-12.486,130.9833,76.98,84,8,3.44,clear sky
470,Jumla,NP,29.2747,82.1838,64.74,93,76,2.21,broken clouds
471,Seddon,AU,-37.8068,144.8916,50.92,84,90,1.01,light intensity shower rain
472,Kota,IN,25.1833,75.8333,76.1,96,100,17.16,heavy intensity rain
473,Okhotsk,RU,59.3833,143.3,54.14,77,94,9.73,overcast clouds
474,Pitimbu,BR,-7.4706,-34.8086,75.79,77,41,17.67,scattered clouds
475,San Marcos,US,33.1434,-117.1661,98.53,55,1,1.01,clear sky
476,Playa Del Carmen,MX,20.6274,-87.0799,89.06,76,24,8.39,few clouds
477,Bandar-E Lengeh,IR,26.5579,54.8807,95.11,75,4,6.91,haze
478,Sanandaj,IR,35.3144,46.9923,73.96,50,76,11.18,broken clouds
479,Naze,JP,28.3667,129.4833,78.01,87,30,17.43,scattered clouds
480,Mago,RU,53.2514,140.1822,56.26,93,100,4.16,overcast clouds
481,Benguela,AO,-12.5763,13.4055,74.08,75,8,5.08,clear sky
482,Yanji,CN,42.9075,129.5078,71.92,99,100,2.75,moderate rain
483,Ampanihy,MG,-24.7,44.75,65.23,70,1,10.11,clear sky
484,Voi,KE,-3.3945,38.563,71.38,65,77,12.62,broken clouds
485,Cam Ranh,VN,11.9214,109.1591,87.76,58,40,8.05,scattered clouds
486,Houma,US,29.5958,-90.7195,89.01,68,40,11.5,scattered clouds
487,San Jose,US,37.3394,-121.895,73.02,61,20,0.0,few clouds
488,Hobyo,SO,5.3505,48.5268,77.49,77,51,26.33,broken clouds
489,Amahai,ID,-3.3333,128.9167,78.15,87,22,2.3,few clouds
490,Tolbazy,RU,54.0241,55.8825,75.96,40,39,6.2,scattered clouds
491,Puerto Escondido,MX,15.85,-97.0667,87.8,59,84,4.59,broken clouds
492,Vangaindrano,MG,-23.35,47.6,66.31,91,0,5.03,clear sky
493,Brasilia,BR,-15.7797,-47.9297,78.62,41,0,10.36,clear sky
494,Taseyevo,RU,57.2169,94.8978,57.34,94,46,2.48,scattered clouds
495,Los Llanos De Aridane,ES,28.6585,-17.9182,73.15,77,20,13.8,few clouds
496,Petropavlovsk-Kamchatskiy,RU,53.0452,158.6483,48.79,93,75,2.24,light rain
497,Bam,IR,29.106,58.357,92.01,10,31,10.09,scattered clouds
498,Brus Laguna,HN,15.75,-84.4833,82.49,86,97,5.37,overcast clouds
499,Dinghai,CN,26.2847,119.7936,79.72,88,100,5.97,overcast clouds
500,Touros,BR,-5.1989,-35.4608,83.3,63,47,21.32,scattered clouds
501,Sabha,LY,27.0377,14.4283,102.92,7,0,8.77,clear sky
502,Cotui,DO,19.0527,-70.1494,90.72,47,93,5.7,overcast clouds
503,Hirado,JP,33.3597,129.5531,83.35,84,76,1.63,broken clouds
504,Ola,RU,59.5833,151.2833,44.85,64,4,10.29,clear sky
505,Ketchikan,US,55.3422,-131.6461,61.27,82,90,8.05,overcast clouds
506,Belyy Yar,RU,53.6039,91.3903,69.69,64,0,4.47,clear sky
507,Maceio,BR,-9.6658,-35.7353,78.24,78,75,18.41,broken clouds
508,Qandala,SO,11.472,49.8728,90.55,51,16,9.08,few clouds
509,Mazagao,BR,-0.115,-51.2894,91.45,43,11,4.94,few clouds
510,Aklavik,CA,68.2191,-135.0107,62.6,82,75,2.3,broken clouds
511,San Javier,ES,37.8063,-0.8374,83.8,71,20,8.01,few clouds
512,Solnechnyy,RU,50.7214,136.6319,62.15,91,86,6.2,overcast clouds
513,Roma,US,43.2128,-75.4557,74.12,59,1,1.01,clear sky
514,Lasa,IT,46.6166,10.7002,66.02,78,80,1.88,light rain
515,Varkaus,FI,62.3153,27.873,66.31,77,100,4.45,overcast clouds
516,Springbok,ZA,-29.6643,17.8865,60.58,22,0,5.01,clear sky
517,San Ramon,US,37.7799,-121.978,72.03,69,20,1.01,few clouds
518,Texarkana,US,33.4251,-94.0477,75.83,89,90,5.01,overcast clouds
519,Rio Cuarto,AR,-33.1307,-64.3499,62.37,34,0,16.11,clear sky
520,Santa Cruz,BO,-17.8,-63.1667,78.85,21,8,16.11,clear sky
521,Shelburne,CA,44.0787,-80.2041,71.85,33,2,9.89,clear sky
522,Plainview,US,40.7765,-73.4673,79.63,57,1,5.99,clear sky
523,Teguise,ES,29.0605,-13.564,75.42,57,20,23.02,few clouds
524,Mahibadhoo,MV,3.7833,72.9667,82.96,70,100,3.87,overcast clouds
525,Siedlce,PL,52.1677,22.2901,68.58,75,97,10.74,overcast clouds
526,Payo,ID,-3.7508,103.6372,73.24,94,95,2.39,overcast clouds
527,Nador,MA,35.174,-2.9287,82.47,64,0,10.36,clear sky
528,Riacho De Santana,BR,-13.6092,-42.9389,82.33,28,47,8.55,scattered clouds
529,Manhattan,US,40.7834,-73.9662,79.63,58,40,7.0,scattered clouds
530,Sakaiminato,JP,35.55,133.2333,78.78,89,20,6.91,few clouds
531,Olga,RU,43.7444,135.2892,66.52,96,100,2.3,overcast clouds
532,Cockburn Town,TC,21.4612,-71.1419,82.09,72,100,17.07,overcast clouds
533,Adwa,ET,14.1646,38.8955,63.48,82,75,1.74,broken clouds
534,Ilhabela,BR,-23.7781,-45.3581,68.09,73,17,3.91,few clouds
535,Eyl,SO,7.9803,49.8164,79.11,72,91,25.59,overcast clouds
536,Iquique,CL,-20.2208,-70.1431,60.84,68,86,7.4,overcast clouds
537,Berthierville,CA,46.0834,-73.1824,73.33,47,56,8.01,broken clouds
538,College,US,64.8569,-147.8028,71.8,73,20,0.0,few clouds
539,Bijar,IR,35.8668,47.6051,65.48,57,82,15.35,broken clouds
540,Tessalit,ML,20.1986,1.0114,78.08,55,68,32.46,broken clouds
541,Huangpi,CN,30.8845,114.3779,84.31,84,0,4.47,clear sky
542,Tefe,BR,-3.3542,-64.7114,84.31,79,20,6.91,few clouds
543,Okha,RU,53.5739,142.9478,55.0,85,100,12.44,overcast clouds
544,Khash,IR,28.2211,61.2158,85.01,12,24,11.07,few clouds
545,Barsinghausen,DE,52.3105,9.4561,69.78,54,40,13.8,scattered clouds
546,Pala,TD,9.3642,14.9046,75.52,84,86,3.31,overcast clouds
547,Shangqiu,CN,34.45,115.65,73.87,85,0,6.78,light rain
548,Mato Verde,BR,-15.3972,-42.8664,82.31,26,78,5.88,broken clouds
549,Fuyu,CN,45.1833,124.8167,65.26,99,100,13.09,light rain
550,Riyadh,SA,24.6877,46.7219,105.94,7,9,10.89,clear sky
551,Katangli,RU,51.7102,143.2326,53.55,92,100,10.71,overcast clouds
552,Buala,SB,-8.145,159.5921,77.99,86,82,6.17,light rain
553,Shimoda,JP,34.6667,138.95,78.1,89,100,9.57,overcast clouds
554,Ronneby,SE,56.21,15.276,68.5,60,0,11.5,clear sky
555,Vilhena,BR,-12.7406,-60.1458,82.62,30,0,14.97,clear sky
556,Fayaoue,NC,-20.65,166.5333,69.85,63,1,14.32,clear sky
557,Inhambane,MZ,-23.865,35.3833,67.26,72,5,10.2,clear sky
558,Ugoofaaru,MV,5.6667,73.0,83.37,70,100,6.26,overcast clouds
559,Kudahuvadhoo,MV,2.6708,72.8944,81.52,73,100,3.76,overcast clouds
560,Voyvozh,RU,62.892,54.9635,58.21,97,77,4.45,broken clouds
561,Zheleznodorozhnyy,RU,55.7503,38.0042,84.61,52,64,10.47,broken clouds
562,Pascagoula,US,30.3658,-88.5561,90.23,64,1,0.0,clear sky
563,Norman Wells,CA,65.282,-126.8329,68.04,68,20,3.44,smoke
564,Baruun-Urt,MN,46.6806,113.2792,63.75,45,91,3.89,overcast clouds
565,Gat,IL,31.61,34.7642,90.79,40,0,9.17,clear sky
566,Kaeo,NZ,-35.1,173.7833,52.32,82,7,16.58,clear sky
567,Boguchany,RU,58.3814,97.4531,55.44,91,18,3.44,few clouds
568,Marzuq,YE,14.4,46.4667,86.83,46,30,8.25,scattered clouds
569,Auki,SB,-8.7676,160.7034,74.16,88,42,6.02,scattered clouds
570,Puerto Carreno,CO,6.189,-67.4859,72.63,93,100,9.06,overcast clouds
571,Caravelas,BR,-17.7125,-39.2481,74.37,55,99,8.55,overcast clouds
572,Hereford,GB,52.0568,-2.7148,67.78,67,100,1.3,moderate rain
573,San Rafael,AR,-34.6177,-68.3301,67.86,17,0,9.55,clear sky
574,Ukmerge,LT,55.25,24.75,63.68,88,99,11.41,overcast clouds
575,Sasvad,IN,18.3333,74.0333,70.45,88,97,12.48,overcast clouds
576,Sechura,PE,-5.5569,-80.8222,76.6,56,4,9.26,clear sky
577,Terrak,NO,65.087,12.3715,53.62,68,61,6.53,broken clouds
578,Sakakah,SA,29.9697,40.2064,103.57,11,0,10.83,clear sky
579,Auburn,US,47.3073,-122.2284,76.3,73,20,0.0,few clouds
580,Villanueva De La Serena,ES,38.9766,-5.7974,86.83,22,12,10.22,light rain
581,Hauterive,FR,46.0901,3.4459,74.16,61,88,1.97,overcast clouds
582,Nkhata Bay,MW,-11.6066,34.2907,69.84,64,3,3.69,clear sky
583,Coshocton,US,40.272,-81.8596,76.28,59,9,7.65,clear sky
584,Leh,IN,34.1667,77.5833,68.04,32,12,6.85,few clouds
585,Guaraniacu,BR,-25.1008,-52.8781,69.13,35,0,3.47,clear sky
586,Havre,FR,49.5833,0.3333,65.57,94,90,6.91,overcast clouds
587,Krasne,UA,49.9145,24.6134,69.15,81,72,6.55,broken clouds
588,Churapcha,RU,62.0025,132.4325,61.14,68,100,6.64,overcast clouds
589,Quime,BO,-16.9833,-67.2167,49.84,70,88,5.55,overcast clouds
590,Williams Lake,CA,52.1415,-122.1445,60.37,100,90,6.91,fog
591,Coahuayana,MX,18.7333,-103.6833,89.8,59,12,3.4,few clouds
592,Quchan,IR,37.106,58.5095,74.48,17,12,12.84,few clouds
593,Veshenskaya,RU,49.6303,41.7334,86.14,33,69,6.06,broken clouds
594,Kotaparh,IN,19.15,82.35,73.83,88,14,6.58,few clouds
595,Batticaloa,LK,7.7102,81.6924,82.62,62,100,12.66,overcast clouds
596,Otane,NZ,-39.8833,176.6333,45.01,89,100,2.48,overcast clouds
597,Havre-Saint-Pierre,CA,50.2334,-63.5986,68.36,64,1,11.5,clear sky
598,Bonthe,SL,7.5264,-12.505,80.89,64,91,10.18,overcast clouds
599,Wukari,NG,7.85,9.7833,79.12,80,98,5.75,light rain
600,Fria,GN,10.4167,-13.5833,76.6,90,95,6.98,light rain
601,Caloundra,AU,-26.8,153.1333,66.13,96,55,6.13,broken clouds
602,Inta,RU,66.0317,60.1659,55.85,78,17,8.03,few clouds
603,Biloela,AU,-24.4167,150.5,57.09,88,0,5.26,clear sky
604,Kuah,MY,6.3265,99.8432,82.38,89,20,0.0,few clouds
605,Sainte-Anne-Des-Monts,CA,49.124,-66.4924,58.87,76,93,2.68,overcast clouds
606,Farah,AF,32.5,62.5,87.64,12,0,13.85,clear sky
607,Kysyl-Syr,RU,63.8986,122.7617,61.65,42,48,6.4,scattered clouds
608,Sioux Lookout,CA,50.1001,-91.917,75.27,46,90,9.22,smoke
609,Santa Rita,BR,-7.1139,-34.9781,75.87,94,75,12.66,broken clouds
610,Fallon,US,39.4735,-118.7774,82.27,33,1,4.61,smoke
611,Kanigoro,ID,-8.13,112.219,73.06,94,98,7.11,overcast clouds
612,Puerto Del Rosario,ES,28.5004,-13.8627,78.48,69,20,17.27,few clouds
613,Manokwari,ID,-0.8667,134.0833,78.57,80,12,2.1,few clouds
614,Linjiang,CN,41.8069,126.9078,65.03,98,75,1.99,broken clouds
615,Sinnamary,GF,5.3833,-52.95,84.7,67,78,9.01,broken clouds
616,Poltavka,RU,54.3663,71.7632,70.81,52,90,6.55,overcast clouds
617,Tambo,PE,-14.8,-73.9167,48.87,34,7,6.46,clear sky
618,Humaita,BR,-7.5061,-63.0208,96.33,21,65,6.49,broken clouds
619,Hirara,JP,24.8,125.2833,81.59,81,100,13.98,overcast clouds
620,Honningsvag,NO,70.9821,25.9704,48.72,77,58,16.8,broken clouds
621,The Valley,AI,18.217,-63.0578,87.66,70,40,11.5,scattered clouds
622,Nancha,CN,47.1333,129.2667,69.51,97,61,2.26,broken clouds
623,Lata,PT,40.1629,-8.3327,83.05,59,80,10.67,broken clouds
624,Dafeng,CN,23.4517,108.5881,82.8,77,32,1.92,scattered clouds
625,Vestmanna,FO,62.1564,-7.1664,49.12,87,90,5.75,overcast clouds
626,Moba,CN,33.2288,105.0179,60.87,93,4,4.38,clear sky
627,Wareham,GB,50.6889,-2.1104,65.14,76,100,4.0,overcast clouds
628,Muroto,JP,33.2833,134.15,79.45,81,78,3.47,broken clouds
629,Primorsko,BG,42.2667,27.7667,86.47,46,0,13.58,clear sky
630,Hachinohe,JP,40.5,141.5,75.81,91,70,5.86,broken clouds
631,Acarau,BR,-2.8856,-40.12,88.61,46,5,11.97,clear sky
632,Piacabucu,BR,-10.4056,-36.4344,77.81,71,20,13.22,few clouds
633,Say,NE,13.1007,2.3689,93.76,41,94,7.9,overcast clouds
634,Stephenville,US,32.2207,-98.2023,78.24,83,90,9.22,overcast clouds
635,Uppsala,SE,60.0,17.75,59.58,75,90,14.97,overcast clouds
636,Kumla,SE,59.1277,15.1434,58.95,67,75,11.5,broken clouds
637,Arlit,NE,18.7369,7.3853,87.57,44,40,18.1,scattered clouds
638,Garowe,SO,8.4054,48.4845,83.77,43,89,22.08,overcast clouds
639,Japura,ID,-0.3167,102.35,75.15,94,88,2.21,overcast clouds
640,Bertrix,BE,49.856,5.2554,66.31,89,64,3.38,broken clouds
641,Dekar,BW,-21.5333,21.9333,63.21,25,0,7.16,clear sky
642,Bulgan,MN,48.8125,103.5347,54.5,95,100,6.67,overcast clouds
643,Ninohe,JP,40.2724,141.3061,73.89,96,72,6.24,broken clouds
644,Rocha,UY,-34.4833,-54.3333,58.03,68,1,6.53,clear sky
645,Cafarnaum,BR,-11.6936,-41.4683,64.18,75,100,8.75,overcast clouds
646,Mpongwe,ZM,-13.5091,28.155,68.72,32,83,5.06,broken clouds
647,Talnakh,RU,69.4865,88.3972,66.18,54,96,3.76,overcast clouds
648,Seoul,KR,37.5683,126.9778,77.76,94,20,2.3,few clouds
649,Brattvag,NO,62.6002,6.4434,61.23,58,20,14.97,few clouds
650,Abu Dhabi,AE,24.4667,54.3667,100.42,30,0,5.75,clear sky
651,Saint Paul,US,44.9444,-93.0933,82.76,49,40,1.01,scattered clouds
652,Misratah,LY,32.3754,15.0925,89.6,47,0,10.76,clear sky
653,Faya,SA,18.3851,42.4509,71.71,66,100,4.97,overcast clouds
654,Kuching,MY,1.55,110.3333,75.42,94,20,1.14,few clouds
655,Pemangkat,ID,1.1667,108.9667,79.81,84,80,7.85,broken clouds
656,Kaniama,CD,-7.5667,24.1833,78.35,26,71,0.72,broken clouds
657,Katsuura,JP,35.1333,140.3,80.71,91,90,10.36,overcast clouds
658,La Union,PE,-5.4,-80.75,80.87,45,5,9.37,clear sky
659,Moron,AR,-34.6534,-58.6198,61.02,54,0,4.0,clear sky
660,Cootamundra,AU,-34.65,148.0333,46.94,98,99,8.23,light rain
661,Lapua,FI,62.9693,23.0088,54.46,78,100,6.96,overcast clouds
662,Inongo,CD,-1.95,18.2667,77.58,41,57,3.09,broken clouds
663,Lazarev,RU,52.225,141.5131,56.88,81,100,9.33,overcast clouds
664,Mlimba,TZ,-8.8,35.8167,70.29,66,38,4.12,scattered clouds
665,Isabela,PH,6.7085,121.9711,79.12,86,94,2.44,overcast clouds
666,Bol,TD,13.4586,14.7147,80.19,76,68,8.39,broken clouds
667,Port Keats,AU,-14.25,129.55,76.89,77,55,2.77,broken clouds
668,Vila Velha,BR,-20.3297,-40.2925,72.97,72,75,9.22,broken clouds
669,Achit,RU,56.7985,57.8994,67.08,75,98,5.73,overcast clouds
670,Grimshaw,CA,56.1834,-117.6027,74.1,73,90,5.75,overcast clouds
671,Hvide Sande,DK,56.0045,8.1294,62.2,77,100,19.64,overcast clouds
672,Marrakesh,MA,31.6315,-8.0083,93.27,24,0,4.61,clear sky
673,Xuddur,SO,4.1213,43.8894,78.44,52,96,18.28,overcast clouds
674,Takoradi,GH,4.8845,-1.7554,81.25,69,80,13.89,broken clouds
675,Angoche,MZ,-16.2325,39.9086,71.44,62,0,11.1,clear sky
676,Champerico,GT,14.3,-91.9167,94.77,71,90,4.65,overcast clouds
677,Ambanja,MG,-13.6833,48.45,71.64,84,20,1.32,light rain
678,Arrifes,PT,37.7667,-25.7,73.65,60,20,10.36,few clouds
679,Adre,TD,13.4667,22.2,75.47,78,79,15.08,broken clouds
680,Gedo,ET,9.0167,37.45,53.56,94,100,0.98,moderate rain
681,Ranong,TH,9.9658,98.6348,79.84,88,98,12.86,overcast clouds
682,Ozernovskiy,RU,51.5,156.5167,49.21,84,80,17.2,broken clouds
683,Krasnyy Yar,RU,46.5331,48.3456,85.96,24,23,9.53,few clouds
684,Marsabit,KE,2.3284,37.9899,69.19,41,53,17.31,broken clouds
685,Antalaha,MG,-14.9003,50.2788,69.24,85,9,8.61,clear sky
686,Aitape,PG,-3.1374,142.3475,78.35,87,36,7.07,scattered clouds
687,Maracacume,BR,-2.0428,-45.9592,87.28,50,83,3.49,broken clouds
688,Radyvyliv,UA,50.1299,25.2558,62.82,80,64,9.22,broken clouds
689,Richmond,US,37.5538,-77.4603,82.33,53,20,5.01,few clouds
690,Yarada,IN,17.65,83.2667,86.32,66,20,10.36,few clouds
691,Pimentel,PE,-6.8367,-79.9342,69.01,79,90,3.0,overcast clouds
692,Ewa Beach,US,21.3156,-158.0072,76.95,74,75,6.91,broken clouds
693,Mwinilunga,ZM,-11.7358,24.4293,65.82,37,23,5.26,few clouds
694,Bani Walid,LY,31.7566,13.9942,100.11,14,0,17.52,clear sky
